period,cpo,coal,nickel,copper,rubber,oilgas
1960M01,233,…,1631,715.4,…,1.63
1960M02,229,…,1631,728.19,…,1.63
1960M03,225,…,1631,684.94,…,1.63
1960M04,225,…,1631,723.11,…,1.63
1960M05,225,…,1631,684.75,…,1.63
1960M06,219,…,1631,691.59,…,1.63
1960M07,221,…,1631,702.39,…,1.63
1960M08,225,…,1631,675.94,…,1.63
1960M09,224,…,1631,647.06,…,1.63
1960M10,222,…,1631,612.66,…,1.63
1960M11,222,…,1631,642.13,…,1.63
1960M12,223,…,1631,636.91,…,1.63
1961M01,223,…,1711,606.71,…,1.57
1961M02,228,…,1711,616.63,…,1.57
1961M03,231,…,1711,621.26,…,1.57
1961M04,233,…,1711,631.84,…,1.57
1961M05,234,…,1711,668.44,…,1.57
1961M06,233,…,1711,652.12,…,1.57
1961M07,229,…,1711,633.39,…,1.57
1961M08,226,…,1711,636.47,…,1.57
1961M09,226,…,1711,632.72,…,1.57
1961M10,226,…,1711,630.3,…,1.57
1961M11,226,…,1711,632.28,…,1.57
1961M12,226,…,1711,634.85,…,1.57
1962M01,235.89,…,1761,635.37,…,1.52
1962M02,237,…,1761,647.94,…,1.52
1962M03,223.22,…,1761,647.5,…,1.52
1962M04,220.46,…,1761,645.95,…,1.52
1962M05,219.08,…,1761,645.73,…,1.52
1962M06,216.33,…,1761,645.51,…,1.52
1962M07,212.75,…,1761,645.51,…,1.52
1962M08,209.16,…,1761,645.51,…,1.52
1962M09,205.3,…,1761,645.51,…,1.52
1962M10,196.76,…,1761,645.95,…,1.52
1962M11,208.06,…,1761,645.51,…,1.52
1962M12,210.82,…,1761,645.73,…,1.52
1963M01,217.71,…,1741,645.51,…,1.5
1963M02,217.71,…,1742,645.51,…,1.5
1963M03,217.71,…,1742,645.51,…,1.5
1963M04,217.71,…,1741,645.73,…,1.5
1963M05,217.71,…,1742,645.51,…,1.5
1963M06,219.91,…,1742,645.73,…,1.5
1963M07,221.84,…,1741,645.51,…,1.5
1963M08,224.6,…,1742,645.51,…,1.5
1963M09,224.6,…,1742,645.51,…,1.5
1963M10,227.35,…,1741,645.51,…,1.5
1963M11,230.11,…,1742,645.73,…,1.5
1963M12,231.76,…,1742,650.14,…,1.5
1964M01,232.86,…,1741,655.65,…,1.45
1964M02,232.59,…,1742,693.79,…,1.45
1964M03,232.86,…,1742,745.16,…,1.45
1964M04,232.86,…,1741,861.56,…,1.45
1964M05,232.86,…,1742,828.28,…,1.45
1964M06,233.96,…,1742,808.43,…,1.45
1964M07,235.34,…,1741,854.95,…,1.45
1964M08,235.62,…,1742,999.33,…,1.45
1964M09,237.55,…,1742,1162.05,…,1.45
1964M10,250.77,…,1741,1358.27,…,1.45
1964M11,254.91,…,1742,1400.37,…,1.45
1964M12,261.25,…,1742,1269.2,…,1.45
1965M01,266.21,…,1735,1000.68,…,1.42
1965M02,283.02,…,1735,1179.91,…,1.42
1965M03,292.11,…,1735,1237.23,…,1.42
1965M04,297.62,…,1735,1348.34,…,1.42
1965M05,303.13,…,1735,1378.55,…,1.42
1965M06,294.87,…,1735,1308.88,…,1.42
1965M07,279.99,…,1735,1134.06,…,1.42
1965M08,257.66,…,1735,1209.9,…,1.42
1965M09,246.64,…,1735,1327.84,…,1.42
1965M10,250.22,…,1735,1401.92,…,1.42
1965M11,250.22,…,1735,1469.16,…,1.42
1965M12,248.57,…,1735,1517.66,…,1.42
1966M01,246.92,…,1739,1679.04,…,1.36
1966M02,248.02,…,1739,1874.37,…,1.36
1966M03,245.26,…,1739,1874.81,…,1.36
1966M04,233.69,…,1739,1907.44,…,1.36
1966M05,225.7,…,1739,1663.61,…,1.36
1966M06,225.42,…,1739,1695.79,…,1.36
1966M07,235.34,…,1739,1567.93,…,1.36
1966M08,239.75,…,1739,1195.34,…,1.36
1966M09,239.75,…,1739,1128.32,…,1.36
1966M10,230.93,…,1739,1275.37,…,1.36
1966M11,225.97,…,1739,1301.61,…,1.36
1966M12,230.93,…,1739,1214.53,…,1.36
1967M01,234.24,…,1935.7,1243.85,…,1.33
1967M02,230.66,…,1935.7,1220.48,…,1.33
1967M03,223.22,…,1935.7,1098.34,…,1.33
1967M04,223.22,…,1935.7,994.72,…,1.33
1967M05,223.77,…,1935.7,1036.17,…,1.33
1967M06,229.28,…,1935.7,1015.22,…,1.33
1967M07,228.73,…,1935.7,997.37,…,1.33
1967M08,228.73,…,1935.7,1044.55,…,1.33
1967M09,225.15,…,1935.7,1060.2,…,1.33
1967M10,221.56,…,1935.7,1138.47,…,1.33
1967M11,217.98,…,1935.7,1443.81,…,1.33
1967M12,194.87,…,1935.7,1324.09,…,1.33
1968M01,191.33,…,2074.5,1408.75,…,1.32
1968M02,191.33,…,2074.5,1719.82,…,1.32
1968M03,191.33,…,2074.5,1701.08,…,1.32
1968M04,188.97,…,2074.5,1255.09,…,1.32
1968M05,186.13,…,2074.5,1096.58,…,1.32
1968M06,174.79,…,2074.5,1136.7,…,1.32
1968M07,172.43,…,2074.5,1054.25,…,1.32
1968M08,150.23,…,2074.5,1056.45,…,1.32
1968M09,141.73,…,2074.5,1110.03,…,1.32
1968M10,141.73,…,2074.5,1079.82,…,1.32
1968M11,143.14,…,2074.5,1099.88,…,1.32
1968M12,152.83,…,2074.5,1184.98,…,1.32
1969M01,158.26,…,2363.4,1255.53,…,1.27
1969M02,158.26,…,2363.4,1285.29,…,1.27
1969M03,179.52,…,2363.4,1278.46,…,1.27
1969M04,170.07,…,2363.4,1388.03,…,1.27
1969M05,166.29,…,2363.4,1392.44,…,1.27
1969M06,165.35,…,2363.4,1483.04,…,1.27
1969M07,161.8,…,2363.4,1453.95,…,1.27
1969M08,171.49,…,2363.4,1606.73,…,1.27
1969M09,180.94,…,2363.4,1578.95,…,1.27
1969M10,203.14,…,2363.4,1554.48,…,1.27
1969M11,203.14,…,2363.4,1631.42,…,1.27
1969M12,255.11,…,2363.4,1699.76,…,1.27
1970M01,255.34,7.8,2846.2,1626.3,…,1.21
1970M02,256.29,7.8,2846.2,1657.2,…,1.21
1970M03,258.88,7.8,2846.2,1754,…,1.21
1970M04,267.62,7.8,2846.2,1741.6,…,1.21
1970M05,278.73,7.8,2846.2,1597.9,…,1.21
1970M06,277.07,7.8,2846.2,1458,…,1.21
1970M07,261.01,7.8,2846.2,1366.6,…,1.21
1970M08,240.22,7.8,2846.2,1266.5,…,1.21
1970M09,226.29,7.8,2846.2,1246.9,…,1.21
1970M10,257.47,7.8,2846.2,1142.4,…,1.21
1970M11,269.99,7.8,2846.2,1085.3,…,1.21
1970M12,271.64,7.8,2846.2,1045.7,…,1.21
1971M01,273.29,8.68,2932.1,1010,…,1.64
1971M02,273.29,8.68,2932.1,1020.2,…,1.64
1971M03,278.02,8.68,2932.1,1144.1,…,1.64
1971M04,269.28,8.68,2932.1,1251.5,…,1.64
1971M05,242.82,8.68,2932.1,1114.4,…,1.64
1971M06,240.93,8.68,2932.1,1074.2,…,1.64
1971M07,263.37,8.68,2932.1,1115.3,…,1.74
1971M08,282.56,8.68,2932.1,1097.9,…,1.74
1971M09,272.24,8.68,2932.1,1056.4,…,1.74
1971M10,253.99,8.68,2932.1,1041.2,…,1.74
1971M11,247.82,8.68,2932.1,1013.9,…,1.74
1971M12,233.69,8.68,2932.1,1037.9,…,1.74
1972M01,218.34,9.6,3079.9,1078,…,1.77
1972M02,185.17,9.6,3079.9,1112.4,…,1.77
1972M03,216.68,9.6,3079.9,1108.2,…,1.77
1972M04,227.34,9.6,3079.9,1133,…,1.77
1972M05,227.51,9.6,3079.9,1106.4,…,1.77
1972M06,216.13,9.6,3079.9,1063.2,…,1.77
1972M07,214.6,9.6,3079.9,1034.6,…,1.87
1972M08,220.64,9.6,3079.9,1046.7,…,1.87
1972M09,224.87,9.6,3079.9,1060.6,…,1.87
1972M10,224.02,9.6,3079.9,917.5,…,1.87
1972M11,218.54,9.6,3079.9,1007.1,…,1.87
1972M12,213.26,9.6,3079.9,1024.4,…,1.87
1973M01,211.77,11.48,3373.1,1119,…,2.08
1973M02,258.66,11.48,3373.1,1243.6,…,2.08
1973M03,280.36,11.48,3373.1,1509.5,…,2.08
1973M04,290.2,11.48,3373.1,1588.4,…,2.35
1973M05,323.83,11.48,3373.1,1552.2,…,2.35
1973M06,371.41,11.48,3373.1,1748.7,…,2.35
1973M07,472.85,11.48,3373.1,2021.2,…,2.7
1973M08,536.33,11.48,3373.1,2123,…,2.7
1973M09,424.13,11.48,3373.1,1936.1,…,2.7
1973M10,434.92,11.48,3373.1,2065.3,…,4.1
1973M11,429.29,11.48,3373.1,2273,…,4.1
1973M12,496.71,11.48,3373.1,2244.3,…,4.1
1974M01,578.77,16.89,3571.5,2032.4,…,13
1974M02,667.24,16.89,3571.5,2291.7,…,13
1974M03,632.88,16.89,3571.5,2743.4,…,13
1974M04,613.85,16.89,3571.5,3031.8,…,10.6
1974M05,591.5,16.89,3571.5,2875.7,…,10.6
1974M06,603.31,16.89,3571.5,2440,…,10.6
1974M07,609.64,16.89,4079,1919.1,…,10
1974M08,727.84,16.89,4079,1802.9,…,10
1974M09,706.65,16.89,4079,1460.5,…,10
1974M10,840.17,16.89,4079,1398.8,…,10.3
1974M11,767.53,16.89,4079,1416.7,…,10.3
1974M12,689.26,16.89,4079,1289,…,10.3
1975M01,589.4,26.84,4431,1211.2,…,10.42
1975M02,497.67,26.84,4431,1266.5,…,10.42
1975M03,478.26,26.84,4431,1344.2,…,10.42
1975M04,451.1,26.84,4431,1329.2,…,10.42
1975M05,391.74,26.84,4431,1253.8,…,10.42
1975M06,356,26.84,4431,1193,…,10.42
1975M07,401.98,26.84,4431,1222.4,…,10.43
1975M08,472.61,26.84,4431,1277.1,…,10.43
1975M09,412.35,26.84,4852,1210.1,…,10.43
1975M10,412.19,26.84,4852,1178.8,…,10.46
1975M11,378.8,26.84,4852,1179.7,…,10.46
1975M12,367.93,26.84,4852,1151,…,10.46
1976M01,353.88,27.16,4850,1193,…,11.51
1976M02,365.84,27.16,4850,1219,…,11.51
1976M03,375.79,27.16,4850,1329,…,11.51
1976M04,348.4,27.16,4850,1510,…,11.51
1976M05,344.8,27.16,4850,1512,…,11.51
1976M06,394.8,27.16,4850,1550,…,11.51
1976M07,450.5,27.16,4850,1647,…,11.6
1976M08,431,27.16,4850,1539,…,11.6
1976M09,456.5,27.16,4938,1459,…,11.6
1976M10,443.6,27.16,5313,1285,…,11.9
1976M11,456.5,27.16,5313,1279,…,11.9
1976M12,456.8,27.16,5313,1287,…,11.9
1977M01,462,28.68,5313,1396,…,12.5
1977M02,507,28.68,5313,1426,…,12.5
1977M03,598,28.68,5313,1515,…,12.5
1977M04,647,28.68,5187,1429,…,12.45
1977M05,659,28.68,5282,1371,…,12.45
1977M06,619,28.68,5313,1312,…,12.45
1977M07,520,28.68,5313,1248,…,12.63
1977M08,493,28.68,5313,1160,…,12.63
1977M09,459.5,28.68,5313,1195,…,12.63
1977M10,450,28.68,4586,1210,…,12.68
1977M11,444.8,28.68,4586,1182,…,12.68
1977M12,501,28.68,4586,1261,…,12.68
1978M01,514,27.87,4586,1261,…,12.66
1978M02,558,27.06,4586,1217,…,12.66
1978M03,598,27.06,4586,1254,…,12.66
1978M04,603,27.06,4696,1285,…,12.68
1978M05,624,28.61,4696,1303,…,12.7
1978M06,654,30.15,4645,1333,…,12.73
1978M07,622,30.15,4586,1337,…,12.77
1978M08,585,30.15,4586,1426,…,12.79
1978M09,615,30.15,4586,1442,…,12.8
1978M10,623,30.15,4586,1506,…,12.85
1978M11,604,30.15,4586,1481,…,13.2
1978M12,604,30.15,4586,1533,…,14.5
1979M01,636,30.15,4586,1659,…,17.45
1979M02,694,30.15,4546,1944,…,20.75
1979M03,688,30.15,4819,2050,…,22.02
1979M04,666,30.15,5379,2100,…,22.43
1979M05,665,30.15,5968,1926,…,33.5
1979M06,675,30.15,6519,1877.9,…,34.67
1979M07,678,30.15,6614,1814,…,33.5
1979M08,652,31.26,6614,1976.4,…,34
1979M09,640,31.26,6614,2095.9,…,35.5
1979M10,602,32.37,6614,2075.9,…,37.25
1979M11,620,32.37,6614,2090,…,40.75
1979M12,630,32.37,6945,2214,…,39.75
1980M01,662,32.37,6584.8,2601,…,39
1980M02,672,32.37,6978.9,2918,…,37.25
1980M03,637,32.37,6733.8,2306,…,37
1980M04,611,39.54,6233.3,2070,…,36.58
1980M05,584,40.14,6000.8,2037,…,37.05
1980M06,555,40.74,6294.9,2006,…,37
1980M07,545,40.74,6622.2,2176,…,35.38
1980M08,518,44.24,6584.5,2082.1,…,32.95
1980M09,509,44.61,6655.3,2060,…,32.83
1980M10,507,44.61,6691.9,2040,…,37.35
1980M11,585,44.98,6452.7,2010,…,40.3
1980M12,619.3,44.98,6391,1879,…,39.75
1981M01,625,44.98,6403.8,1869.1,…,39.77
1981M02,640,44.98,6370.7,1801,…,37.9
1981M03,620,44.98,6292.4,1818,…,37.6
1981M04,588,56.5,6307,1821,…,36.37
1981M05,599,56.5,6352.2,1742,…,34.28
1981M06,640,56.5,6169.4,1700,…,32.71
1981M07,600,56.5,6150.2,1681.9,…,33.51
1981M08,531,56.5,5999.2,1787,…,33.98
1981M09,509,56.5,5579,1710.4,…,33.99
1981M10,513,56.5,5216.8,1666.3,…,34.61
1981M11,500,56.5,5100.2,1651.4,…,35.68
1981M12,483,56.5,5496.1,1655.3,…,35.41
1982M01,502,55.61,5628.8,1610.6,…,35.05
1982M02,528,55.61,5716.8,1598,…,32.27
1982M03,507,55.61,5653.3,1510.4,…,30.17
1982M04,509,55.61,5394,1521.7,…,31.57
1982M05,511,55.61,5211.9,1527.7,…,33.04
1982M06,494,55.61,5186.6,1300,…,32.77
1982M07,421,55.61,5068.6,1440.9,…,32.92
1982M08,396,55.61,4953.1,1451.5,…,32.42
1982M09,380,55.61,4310.3,1426.5,…,33.47
1982M10,355,55.61,3916.5,1461,…,33.78
1982M11,362,55.61,3433.7,1443.8,…,32.85
1982M12,376,45.5,3576.3,1473.2,…,31.47
1983M01,372,43,3797,1571.9,…,30.65
1983M02,367,43,4228.2,1647.4,…,29.11
1983M03,377.6,43,4831.9,1597.7,…,28.32
1983M04,418.5,43,4817.8,1674.9,…,29.69
1983M05,432,43,5031.6,1765.7,…,29.36
1983M06,394,43,4883.2,1701.2,…,29.97
1983M07,425,34.75,4804.1,1704.3,…,30.47
1983M08,559,34.75,4852.8,1639.8,…,30.65
1983M09,645,34.75,4910.6,1560.7,…,30.07
1983M10,671,34.75,4674.2,1435.2,…,29.62
1983M11,661,32,4585.2,1389.1,…,29.17
1983M12,695,29.25,4657,1415.2,…,28.81
1984M01,875,29.25,4670.5,1375.7,…,29.04
1984M02,875,29.25,4639.8,1429.8,…,29.2
1984M03,845,29.25,4780.7,1501.2,…,29.53
1984M04,841,29.25,4911.5,1532.6,…,29.57
1984M05,951,29.25,4811.4,1420.9,…,29.46
1984M06,783,31.75,4773.2,1366.5,…,29.05
1984M07,580,31.75,4640.3,1330.8,…,27.99
1984M08,562,31.75,4736,1337.5,…,28.17
1984M09,611,31.75,4705.5,1293.6,…,28.35
1984M10,615,31.75,4750.3,1273,…,27.85
1984M11,616,32.75,4748.3,1345.1,…,27.65
1984M12,592,33.75,4859,1321.1,…,26.81
1985M01,583,33.75,4947.2,1359.1,…,26.63
1985M02,595,33.75,5050.8,1388.5,…,27.6
1985M03,651,33.75,5211.7,1389.9,…,27.85
1985M04,653,33.75,5489.5,1501.8,…,27.8
1985M05,610,33.75,5604.1,1530.6,…,26.65
1985M06,556,33.75,5553.4,1432.4,…,26.37
1985M07,487,33.75,5090.5,1474.6,…,26.38
1985M08,404,33.75,4907.5,1420.2,…,27.02
1985M09,360,33.75,4570.2,1366.4,…,26.98
1985M10,356,33.75,4239.5,1384.7,…,27.82
1985M11,362,33.75,4034.5,1369.5,…,28.6
1985M12,390,33.75,4089.6,1390.9,…,26.5
1986M01,342,33.75,4034.5,1418.3,…,24.68
1986M02,283,33.75,3988.2,1405.5,…,15.92
1986M03,243,30.75,4122.6,1445.1,…,12.65
1986M04,242,30.75,3999.2,1434.6,…,11.9
1986M05,238,30.75,4043.3,1418.74,…,13.72
1986M06,243,30.75,4087.4,1413.14,…,11.85
1986M07,221,30.75,3911,1344.3,…,9.62
1986M08,197,30.75,3807.4,1303.1,…,13.7
1986M09,207,30.75,3723.6,1347,…,14.08
1986M10,272,30.75,3644.2,1316.8,…,13.95
1986M11,303,30.75,3642,1303.2,…,14.45
1986M12,293,29.25,3571.5,1335.6,…,15.68
1987M01,350,29.25,3525.2,1346,…,18.07
1987M02,330,29.25,3717,1379.83,…,17.25
1987M03,313,29.25,3772.1,1465.72,…,17.75
1987M04,339,24.75,3897.8,1484.24,…,17.9
1987M05,341,24.75,4435.7,1520.44,…,18.4
1987M06,342,24.75,4435.7,1571.87,…,18.72
1987M07,300,27,4753.2,1694.62,…,19.62
1987M08,308,27,5306.5,1756.31,…,18.82
1987M09,335,27,5333,1811.01,…,18.28
1987M10,353,27,5692.3,1967.2,…,18.57
1987M11,368,29,5937,2523.9,…,17.75
1987M12,432,31,7661.1,2868.9,…,16.63
1988M01,486,31,8073.3,2663.2,…,16.47
1988M02,403,31,8666.9,2330.2,…,15.85
1988M03,381,33,15496.8,2359.3,…,14.78
1988M04,403,33,18011.8,2286.3,…,16.47
1988M05,422,33,17025,2447.99,…,16.22
1988M06,496,36,15589.8,2540.27,…,15.33
1988M07,517,36,14591.3,2213.51,…,14.48
1988M08,450,36,14187,2200.68,…,14.55
1988M09,428,37,11878.4,2435.53,…,13.1
1988M10,431,37,11557.5,2939.51,…,12.18
1988M11,418,37.5,13342,3304.66,…,12.53
1988M12,411,38,16920,3498.91,…,14.65
1989M01,383,38,17725,3394.06,…,16.48
1989M02,401,38,18523.8,3096.92,…,16.35
1989M03,399,38,17157.1,3264.14,…,18.03
1989M04,391,38,15261.3,3117.91,…,19.2
1989M05,406,38,13454.2,2738.98,…,18.02
1989M06,373,38,12142.6,2546.01,…,17.63
1989M07,331,38,12275,2505,…,17.67
1989M08,309,38,12909.7,2762.2,…,16.88
1989M09,323,38,11222.1,2884.4,…,17.67
1989M10,321,38,10424.9,2861.4,…,18.42
1989M11,301,38,9793.2,2591.3,…,18.37
1989M12,267,38,8809.2,2418.6,…,19.35
1990M01,279,38,7055.9,2366.64,…,20.35
1990M02,271,38,6976.9,2360.16,…,19.6
1990M03,286,38,9266.8,2625.61,…,18.22
1990M04,267,38,8939.5,2686.15,…,16.55
1990M05,281,40.5,8698,2741.95,…,16.58
1990M06,272,40.5,8422.1,2584.56,…,15.27
1990M07,279,40.5,9318.2,2769.49,…,17.17
1990M08,291,40.5,10957.4,2957.03,…,26.4
1990M09,284,40.5,10844,3031.37,…,32.7
1990M10,290,40.5,9145.4,2743.56,…,34.5
1990M11,331,40.5,8587.4,2585.89,…,31.08
1990M12,346,40.5,8157.6,2485.38,…,26.13
1991M01,349,40.5,8568.8,2448.52,…,22.58
1991M02,338,40.5,8672.3,2449.38,…,18.13
1991M03,348,39.5,8700.8,2409.63,…,18.07
1991M04,319,39.5,9021,2472.04,…,18.47
1991M05,318,39.5,8452.4,2305.88,…,18.82
1991M06,311,39.5,8280,2219.28,…,17.93
1991M07,341,39.5,8541.3,2236.28,…,19.05
1991M08,338,39.5,8144.7,2233.19,…,19.37
1991M09,323,39.5,7680.7,2324.57,…,20.05
1991M10,345,39.5,7443,2363.64,…,21.47
1991M11,362,39.5,7244.6,2379.84,…,20.77
1991M12,376,39.5,7117.8,2223.14,…,17.75
1992M01,383,39.5,7517.3,2139.23,…,17.38
1992M02,382,39.5,7861.9,2205.97,…,17.62
1992M03,396,39.5,7417.7,2227.33,…,17.45
1992M04,402,39.5,7420.6,2215.33,…,18.63
1992M05,390,39.5,7326.8,2216.52,…,19.5
1992M06,404,39.5,7192.8,2299.2,…,20.83
1992M07,382,39.5,7497.9,2520.32,…,20.17
1992M08,382,39.5,7268,2521.64,…,19.62
1992M09,391,39.5,6917.5,2414.06,…,20.15
1992M10,396,37.25,6305.3,2249.15,…,20.08
1992M11,413,35,5564.88,2158.32,…,18.88
1992M12,401,35,5724.07,2206.82,…,17.93
1993M01,410,35,5930.93,2256.85,…,17.22
1993M02,425,31,6038.68,2212.6,…,18.17
1993M03,408,31,5971.3,2152.59,…,18.47
1993M04,392,31,5972.33,1949.88,…,18.43
1993M05,371,31,5762.55,1794.5,…,18.17
1993M06,356,31,5532.43,1853.42,…,17.47
1993M07,362,31,5036.2,1927.16,…,16.32
1993M08,356,31,4721.81,1947.45,…,16.48
1993M09,352,31,4352.89,1861.86,…,15.9
1993M10,333,31,4448.9,1646.4,…,16.52
1993M11,357,31,4633.89,1630.02,…,15.2
1993M12,411,31,5119.12,1724.19,…,13.77
1994M01,404,31,5577.95,1805.35,…,14.13
1994M02,387,31,5824.95,1866.4,…,13.78
1994M03,395,29.5,5587.54,1914.87,…,13.62
1994M04,434,29.5,5407.97,1881.82,…,15.08
1994M05,488,31.4,6086.65,2150.6,…,16.28
1994M06,508,33.6,6281.84,2364.2,…,17.17
1994M07,494,33.1,6226.76,2458.19,…,17.88
1994M08,575,33.1,5859.5,2406.23,…,17
1994M09,614,33.1,6364.75,2505.93,…,16.2
1994M10,616,33.1,6748.29,2547.67,…,16.47
1994M11,707,33.1,7556.14,2802.45,…,17.08
1994M12,719,36.1,8555.5,2985.3,…,15.94
1995M01,655,37.1,9592.55,3008.93,…,16.9
1995M02,661,37.6,8505.45,2877.65,…,17.42
1995M03,687,38.35,7531.91,2924.04,…,17.35
1995M04,625,37.1,7397.83,2903.5,…,18.65
1995M05,611,38.77,7232.19,2773.31,…,18.42
1995M06,631,40.77,7871.57,2994.64,…,17.36
1995M07,655,41.05,8596.57,3075.67,…,16.08
1995M08,616,40.88,8944.66,3036.84,…,16.47
1995M09,586,40.93,8405.21,2915.52,…,16.82
1995M10,615,40.97,8061.73,2813.55,…,16.12
1995M11,607,39.59,8505.91,2977.36,…,16.74
1995M12,590,39.35,8090.89,2926.26,…,17.87
1996M01,535,39.37,7862.05,2616.41,…,17.8
1996M02,518,39.28,8215.55,2537.71,…,17.7
1996M03,519,39.01,8021.74,2561.02,…,19.4
1996M04,562,39.33,8042.85,2595.78,…,20.66
1996M05,552,38.2,8026.55,2658.26,…,19.06
1996M06,508,38.2,7709.48,2173.4,…,18.51
1996M07,476,38.4,7203.65,1985.57,…,19.59
1996M08,513,38.35,7054.36,2008.57,…,20.44
1996M09,545,38.1,7318.05,1941.45,…,22.26
1996M10,532,37.6,7031.39,1961.17,…,23.61
1996M11,550,35.7,6943.38,2230.86,…,22.39
1996M12,561,35.35,6580.75,2268.08,…,23.62
1997M01,567,35.23,7071.55,2434.93,…,23.23
1997M02,580,34.6,7734.53,2405.85,…,20.42
1997M03,559,34.5,7895.87,2421.29,…,19.33
1997M04,562,35.4,7315.52,2391.18,…,17.88
1997M05,553,35.73,7482.85,2514.33,…,19.37
1997M06,533,34.5,7062.48,2612.62,…,17.92
1997M07,498,35,6835.5,2450.46,…,18.33
1997M08,504,36.93,6761.3,2251.2,…,18.7
1997M09,525,37.15,6503.84,2107.3,…,18.66
1997M10,547,37.15,6380.33,2052.26,…,20.04
1997M11,556,33.6,6139.5,1917.45,…,19.09
1997M12,566,31.4,5945.36,1762.33,…,17.09
1998M01,621,31.4,5491.75,1688.45,…,15
1998M02,659,33.44,5386.88,1664.8,…,14.1
1998M03,671,31.88,5395.8,1747.98,…,13.12
1998M04,688,31.18,5393.88,1800.9,…,13.5
1998M05,705,30.28,5020,1732.53,…,14.03
1998M06,633,30,4475.7,1660.52,…,12.48
1998M07,661,30,4325.43,1651.04,…,12.7
1998M08,674,26.2,4080.63,1620.93,…,12.49
1998M09,703,27.09,4102.16,1647.64,…,13.8
1998M10,694,27.1,3871.93,1586.39,…,13.26
1998M11,681,26.1,4131.91,1573.95,…,11.88
1998M12,663,26.1,3878.21,1473.57,…,10.41
1999M01,632,26.1,4268.75,1431.18,0.6,11.44
1999M02,561,26.1,4626.38,1410.78,0.56,10.75
1999M03,497,26.1,5011.3,1378.35,0.52,13.17
1999M04,509,26.1,5102.63,1466,0.52,15.87
1999M05,475,26.1,5399.34,1511.16,0.55,16.06
1999M06,392,26.1,5195,1422.48,0.55,16.39
1999M07,319,26.1,5700.11,1640,0.51,18.99
1999M08,354,26.1,6448.69,1647.62,0.54,20.27
1999M09,388,26.1,7028.41,1750.34,0.6,22.7
1999M10,381,25.6,7321.19,1724.12,0.68,21.95
1999M11,370,25.1,7949.55,1727.55,0.76,24.16
1999M12,354,25.1,8083.38,1764.75,0.7,25.1
2000M01,348,25.1,8309.5,1843.98,0.71,25.31
2000M02,332,25.1,9653.33,1800.83,0.73,27.22
2000M03,349,25.1,10280.11,1739.39,0.66,27.49
2000M04,372,25.1,9727.5,1678.75,0.64,23.47
2000M05,324,25.6,10130.24,1785.62,0.62,27.19
2000M06,315,25.6,8410.91,1753.18,0.6,29.62
2000M07,312,25.6,8164.41,1799.36,0.58,28.18
2000M08,306,25.6,8006.71,1855.86,0.61,29.26
2000M09,288,27.15,8637.98,1960.41,0.6,32.08
2000M10,255,27.15,7678.07,1898.59,0.61,31.4
2000M11,257,27.15,7339.77,1795.11,0.6,32.33
2000M12,265,30.75,7314.34,1850.55,0.6,25.2
2001M01,254,32.1,6994.77,1787.5,0.6,25.96
2001M02,240,32.1,6524.13,1765.65,0.57,27.24
2001M03,254,32.6,6133.52,1738.77,0.52,25.02
2001M04,251,33.5,6329.87,1664.16,0.51,25.72
2001M05,234,33.8,7060.83,1682.21,0.51,27.55
2001M06,255,33.9,6641.19,1608.45,0.51,26.97
2001M07,330,34,5937.05,1525.21,0.5,24.8
2001M08,362,33.8,5520.8,1464.43,0.53,25.82
2001M09,310,32.8,5027,1426.33,0.49,25.21
2001M10,277,32.4,4825.33,1377.28,0.48,20.73
2001M11,323,29.4,5078.41,1427.73,0.47,18.69
2001M12,359.5,27.35,5263.82,1471.74,0.48,18.52
2002M01,373.8,27.35,6043.18,1503.96,0.54,19.15
2002M02,352.98,28.1,6029.25,1561.9,0.58,19.98
2002M03,359,27.8,6537.5,1604.88,0.68,23.64
2002M04,360.07,27.09,6958.21,1590.33,0.64,25.43
2002M05,384.91,26.88,6761.36,1595.68,0.68,25.67
2002M06,426.13,24.9,7119.86,1647.53,0.83,24.49
2002M07,422.22,23.15,7142.72,1589.46,0.81,25.75
2002M08,446.09,22.25,6717.14,1479.55,0.83,26.78
2002M09,424.76,22.7,6640.24,1478.71,0.9,28.28
2002M10,427.24,24.5,6804.46,1483.76,0.83,27.53
2002M11,465.02,24.5,7313.93,1582.29,0.84,24.54
2002M12,488.52,24.5,7193.16,1595.68,0.85,27.89
2003M01,486.11,24.9,8026.02,1647.66,0.9,30.75
2003M02,476.95,25.15,8623,1683.8,0.94,32.88
2003M03,453.55,24.4,8378.81,1658.98,0.95,30.36
2003M04,443.02,23.45,7910.13,1587.48,0.88,25.56
2003M05,453.82,23.3,8330.63,1648.28,0.84,26.06
2003M06,466.21,24.1,8874.76,1686.5,0.84,27.92
2003M07,457.72,24.35,8797.39,1710,0.88,28.59
2003M08,439.36,25.33,9351.38,1760.28,0.95,29.68
2003M09,440.91,26.7,9965.34,1789.52,1.09,26.88
2003M10,515.07,27.5,11047.17,1920.54,1.29,29.01
2003M11,548,29.91,12086.5,2055.43,1.26,29.12
2003M12,539.72,34,14162.5,2201.29,1.24,29.97
2004M01,527.23,37.75,15326.55,2423.57,1.21,31.37
2004M02,564.13,41.75,15145.13,2759.53,1.25,31.33
2004M03,583.52,48.94,13715,3008.72,1.27,33.67
2004M04,575.05,53.25,12848.13,2948.73,1.27,33.71
2004M05,537.17,56.44,11118.29,2733.5,1.24,37.56
2004M06,471.2,59.55,13533.52,2686.71,1.2,35.54
2004M07,454.77,61.38,15023.3,2808.43,1.15,37.89
2004M08,458.14,59.25,13679.52,2846.1,1.14,42.08
2004M09,468.09,55.38,13270.91,2894.86,1.15,41.6
2004M10,451.26,56.63,14404.29,3012.24,1.21,46.88
2004M11,454.61,52.83,14045.46,3122.8,1.22,42.13
2004M12,446.2,52.25,13768.81,3145.45,1.19,39.04
2005M01,418.86,53.05,14505,3170,1.19,42.97
2005M02,422.63,49.9,15349.5,3253.7,1.22,44.82
2005M03,458.13,50.93,16190.65,3379.49,1.22,50.94
2005M04,457.86,51.25,16141.91,3394.48,1.21,50.64
2005M05,450,51.31,16931.5,3249.1,1.21,47.83
2005M06,451.7,51,16159.55,3524.07,1.27,53.89
2005M07,454.52,50.9,14580.71,3614.21,1.45,56.37
2005M08,448.48,49.13,14892.73,3797.75,1.44,61.89
2005M09,453.64,45.25,14228.18,3857.84,1.59,61.69
2005M10,467.5,42.46,12402.86,4059.76,1.63,58.19
2005M11,466.7,38.06,12115.68,4269.34,1.58,55.04
2005M12,456.75,38.23,13429.25,4576.78,1.63,56.43
2006M01,459.05,43.19,14555.24,4734.33,1.76,62.46
2006M02,473.9,47.7,14978.75,4982.4,1.93,59.7
2006M03,472.52,49.75,14897.39,5102.85,1.91,60.93
2006M04,475.9,52.88,17942.22,6387.78,1.94,67.97
2006M05,483.72,52.6,21077.14,8045.86,2.15,68.68
2006M06,478.16,52.38,20754.55,7197.61,2.35,68.29
2006M07,499.21,52.75,26586.19,7712.1,2.31,72.45
2006M08,534.26,50.94,30743.64,7695.66,2.14,71.81
2006M09,511.24,47.1,30130.71,7602.36,1.81,62.12
2006M10,514.18,44.05,32702.96,7500.39,1.79,57.91
2006M11,571.57,46,32113.86,7029.18,1.62,58.14
2006M12,625.88,49.75,34570.26,6675.11,1.65,60.99
2007M01,637.59,51.29,36811.14,5669.66,1.94,53.52
2007M02,645.2,52.9,41184.25,5676.45,2.12,57.56
2007M03,660.93,55.38,46324.77,6452.48,2.05,60.6
2007M04,743.45,56.12,50266.84,7766.47,2.17,65.06
2007M05,816.09,56,52179.05,7681.42,2.22,65.16
2007M06,833.19,61.6,41718.57,7474.38,2.11,68.19
2007M07,854.52,67.31,33425.68,7972.57,2.04,73.6
2007M08,830.65,69.35,27652.27,7513.5,2.07,70.13
2007M09,851.63,68.44,29537.5,7648.98,2.11,76.76
2007M10,926.2,74.81,31055.44,8008.44,2.26,81.97
2007M11,998.57,84.6,30610.23,6966.71,2.37,91.34
2007M12,1002.22,91,25991.94,6587.67,2.41,89.52
2008M01,1122.15,91.75,27689.55,7061.02,2.53,90.69
2008M02,1268.63,132,27955.48,7887.69,2.72,93.39
2008M03,1377.22,118.25,31225.26,8439.29,2.7,101.84
2008M04,1320.11,123,28763.18,8684.93,2.7,108.76
2008M05,1326.45,133.2,25735,8382.75,2.96,122.63
2008M06,1293.21,159.75,22549.05,8260.6,3.17,131.52
2008M07,1213.48,180,20160.22,8414.04,3.2,132.83
2008M08,963.57,158.4,18927.75,7634.7,2.91,114.57
2008M09,826.02,150,17794.55,6990.86,2.81,99.66
2008M10,635.75,108,12139.78,4925.7,1.86,72.69
2008M11,581.25,92.25,10701.5,3717,1.62,53.97
2008M12,587.24,78.65,9686.43,3071.98,1.18,41.34
2009M01,658.55,79.4,11306.91,3220.69,1.41,43.86
2009M02,655.66,75.38,10408.75,3314.73,1.3,41.84
2009M03,660.48,61,9696.36,3749.75,1.28,46.65
2009M04,799.7,63.56,11166,4406.55,1.48,50.28
2009M05,872.61,64.5,12634.74,4568.63,1.56,58.15
2009M06,788.57,71.38,14960.46,5013.96,1.53,69.15
2009M07,698.48,73.8,15984.57,5215.54,1.6,64.67
2009M08,746.05,72.5,19641.75,6165.3,1.84,71.63
2009M09,703.85,67.64,17473.18,6196.43,2.07,68.35
2009M10,724.66,71.07,18525.23,6287.98,2.26,74.08
2009M11,763.33,78.8,16991.19,6675.6,2.49,77.55
2009M12,821.81,83.1,17066.43,6981.71,2.79,74.88
2010M01,830.88,97,18439.25,7386.25,3.04,77.12
2010M02,830,94.19,18976,6848.18,3.08,74.76
2010M03,862.83,94.38,22461.3,7462.83,3.18,79.3
2010M04,862.71,100.15,26030.75,7745.08,3.28,84.18
2010M05,855.31,100.13,22008.16,6837.68,2.89,75.62
2010M06,825.68,98.19,19388.64,6499.3,2.9,74.73
2010M07,844.43,95.98,19517.5,6735.25,2.93,74.58
2010M08,943.73,89.78,21413.33,7283.95,3.14,75.83
2010M09,948.88,94.9,22643.41,7709.3,3.36,76.12
2010M10,1025.83,97.45,23807.38,8292.41,3.85,81.72
2010M11,1131.36,107.16,22909.32,8469.89,4.24,84.53
2010M12,1234.64,118.29,24111.19,9147.26,4.69,90.01
2011M01,1303.57,132.48,25646.25,9555.7,5.33,92.69
2011M02,1327.21,128.36,28252.25,9867.6,5.58,97.91
2011M03,1241.74,126.13,26710.35,9503.36,4.84,108.65
2011M04,1219.61,122.5,26408.33,9492.79,4.97,116.24
2011M05,1230.12,119.12,24236.73,8959.9,4.52,108.07
2011M06,1192.38,120.09,22420.93,9066.85,4.52,105.85
2011M07,1183.45,120.75,23847.95,9650.46,4.56,107.92
2011M08,1205.48,120.13,21845.09,9000.76,4.62,100.49
2011M09,1137.25,123.09,20377.59,8300.14,4.52,100.82
2011M10,1044.75,119.39,19039.05,7394.19,4.08,99.85
2011M11,1113.38,113.78,17873,7581.02,3.33,105.41
2011M12,1121.5,111.56,18266.76,7565.48,3.35,104.23
2012M01,1123.5,116.46,19854.77,8040.47,3.5,107.07
2012M02,1146.25,117.02,20393.67,8441.49,3.78,112.69
2012M03,1195.34,107.46,18660.81,8470.78,3.78,117.79
2012M04,1233.61,103.59,17939.79,8289.48,3.66,113.67
2012M05,1125,95.83,17068.19,7955.64,3.38,104.09
2012M06,1027.74,87.19,16549.14,7423.02,2.86,90.73
2012M07,1052.84,88.24,16128.41,7584.26,2.89,96.75
2012M08,1022.38,91,15735.21,7515.53,2.6,105.27
2012M09,1001.38,88.96,17287.96,8087.74,2.76,106.28
2012M10,886,81.85,17168.74,8062.03,2.95,103.41
2012M11,863.18,85.89,16335.36,7711.23,2.8,101.17
2012M12,843.55,92.88,17448.5,7966.49,2.9,101.19
2013M01,884.52,92.77,17472.5,8047.36,3.04,105.1
2013M02,919.58,94.94,17690.1,8060.93,3.04,107.64
2013M03,891.5,90.98,16724.93,7645.58,2.8,102.52
2013M04,874.17,87.76,15672.95,7234.28,2.5,98.85
2013M05,879.47,87.71,14947.96,7249.41,2.51,99.37
2013M06,876.88,82.75,14280.28,7000.24,2.33,99.74
2013M07,827.09,77.26,13750.32,6906.64,2.24,105.26
2013M08,819.29,76.96,14314.93,7192.92,2.38,108.16
2013M09,826.25,77.61,13801.39,7159.27,2.42,108.76
2013M10,859.66,79.41,14117.65,7203.02,2.32,105.43
2013M11,904.05,82.25,13684.01,7070.65,2.3,102.63
2013M12,886.25,84.34,13924.55,7214.9,2.31,105.48
2014M01,862.63,81.61,14101.25,7291.47,2.14,102.1
2014M02,904.34,76.29,14203.55,7149.21,1.9,104.83
2014M03,953.81,73.34,15678.1,6650.04,1.93,104.04
2014M04,926.63,72.82,17373.6,6673.56,1.78,104.87
2014M05,898.42,73.69,19401.08,6891.13,1.69,105.71
2014M06,861.88,71.48,18628.81,6821.14,1.71,108.37
2014M07,853.69,68.75,19117.65,7113.38,1.7,105.23
2014M08,778.69,68.94,18600.2,7001.84,1.67,100.05
2014M09,760.75,65.94,18034.8,6872.22,1.53,95.85
2014M10,764.4,63.71,15812.37,6737.48,1.51,86.08
2014M11,764.75,62.55,15807.05,6712.85,1.54,76.99
2014M12,719.64,62.44,15962.05,6446.45,1.47,60.7
2015M01,719.64,61.44,14849.19,5830.54,1.42,47.11
2015M02,723.04,69.05,14573.84,5729.27,1.43,54.79
2015M03,698.86,64.76,13755.5,5939.67,1.43,52.83
2015M04,682.75,56.24,12830.92,6042.09,1.41,57.54
2015M05,697.35,61.19,13511.34,6294.78,1.55,62.51
2015M06,705.91,58.96,12825.23,5833.01,1.58,61.31
2015M07,680,59.9,11413.1,5456.75,1.45,54.34
2015M08,601.38,59.14,10386,5127.3,1.31,45.69
2015M09,599.5,57.65,9937.55,5217.25,1.24,46.28
2015M10,636.67,54.26,10316.83,5216.09,1.24,46.96
2015M11,608.21,52.47,9244.33,4799.9,1.16,43.11
2015M12,607.38,52.21,8707.79,4638.83,1.16,36.57
2016M01,611.63,49.02,8507.29,4471.79,1.08,29.78
2016M02,679.17,50.27,8298.5,4598.62,1.1,31.03
2016M03,715.95,52.21,8717.25,4953.8,1.28,37.34
2016M04,775,50.69,8878.86,4872.74,1.49,40.75
2016M05,753.42,51.31,8660.35,4694.54,1.36,45.94
2016M06,718.18,52.85,8928.35,4641.97,1.26,47.69
2016M07,678.16,61.24,10262.86,4864.9,1.28,44.13
2016M08,771.02,67.39,10335.99,4751.67,1.3,44.88
2016M09,797.85,72.72,10191.78,4722.2,1.36,45.04
2016M10,749.75,94.2,10259.74,4731.26,1.48,49.29
2016M11,766.93,103.43,11128.91,5450.93,1.66,45.26
2016M12,811.38,88.15,10972.27,5660.35,1.93,52.62
2017M01,825,83.73,9971.46,5754.56,2.16,53.59
2017M02,808.61,79.98,10643.3,5940.91,2.23,54.35
2017M03,778.7,80.9,10204.66,5824.63,1.97,50.9
2017M04,752.06,83.65,9609.28,5683.9,1.65,52.16
2017M05,762.75,74.42,9155.12,5599.56,1.53,49.89
2017M06,735.14,81.09,8931.76,5719.76,1.44,46.17
2017M07,720.48,87.49,9491.39,5985.12,1.52,47.66
2017M08,717.95,98.58,10889.98,6485.63,1.55,49.94
2017M09,754.25,97.82,11215.79,6577.17,1.61,52.95
2017M10,746.79,97.11,11335.77,6807.6,1.46,54.92
2017M11,728.86,96.64,11972,6826.55,1.43,59.93
2017M12,679.17,100.81,11495.11,6833.89,1.46,61.19
2018M01,703.45,106.45,12864.88,7065.85,1.5,66.23
2018M02,709.44,105.95,13595.88,7006.52,1.46,63.46
2018M03,706.19,96.66,13392.5,6799.18,1.44,64.17
2018M04,701.18,93.69,13938.1,6851.51,1.39,68.79
2018M05,687.15,105.29,14366.49,6825.27,1.44,73.43
2018M06,656.5,114.33,15105.65,6965.86,1.38,71.98
2018M07,616.14,119.57,13793.86,6250.75,1.31,72.67
2018M08,614.75,117.34,13411.35,6051.05,1.34,71.08
2018M09,605.15,114.16,12510.35,6050.76,1.33,75.36
2018M10,589.8,108.73,12314.91,6219.59,1.32,76.73
2018M11,539.1,100.73,11239.72,6195.92,1.23,62.32
2018M12,535.02,101.37,10835.08,6075.32,1.26,53.96
2019M01,584.58,98.56,11523.09,5939.1,1.36,56.58
2019M02,602.97,95.42,12685.23,6300.49,1.4,61.13
2019M03,573.02,93.12,13026.27,6439.46,1.47,63.79
2019M04,588.45,86.77,12772.79,6438.36,1.5,68.58
2019M05,564.4,82.32,12016.31,6017.9,1.5,66.83
2019M06,552.19,72.49,11943.94,5882.23,1.5,59.76
2019M07,543.88,72.08,13546.3,5941.2,1.41,61.48
2019M08,586.12,65.55,15748.64,5709.44,1.31,57.67
2019M09,580.3,65.95,17656.88,5759.25,1.34,60.04
2019M10,591.35,69.2,17046.22,5757.3,1.3,57.27
2019M11,685.41,66.99,15171.81,5859.95,1.39,60.4
2019M12,763.73,66.18,13829.42,6077.06,1.46,63.35
2020M01,810.07,69.66,13506.86,6031.21,1.47,61.63
2020M02,728.81,67.64,12715.55,5687.75,1.34,53.35
2020M03,636.25,66.74,11846.23,5182.63,1.21,32.2
2020M04,608.88,58.55,11804.01,5057.97,1.11,21.04
2020M05,576.56,52.49,12179.61,5239.83,1.12,30.38
2020M06,656.49,52.21,12727.15,5754.6,1.17,39.46
2020M07,694.16,51.56,13402.3,6372.46,1.2,42.07
2020M08,760.3,50.14,14537.75,6498.94,1.32,43.44
2020M09,796.22,54.6,14857.49,6704.9,1.37,40.6
2020M10,819.27,58.4,15239.36,6713.81,1.53,39.9
2020M11,917.81,64.4,15807.73,7068.91,1.56,42.3
2020M12,1016.37,83.03,16823.04,7772.24,1.57,48.73
2021M01,990.27,86.83,17863.18,7972.15,1.59,53.6
2021M02,1019.86,86.74,18584.38,8470.94,1.68,60.46
2021M03,1030.48,94.92,16406.66,8988.25,1.74,63.83
2021M04,1078.05,92.22,16521.25,9324.82,1.64,62.95
2021M05,1136.46,107.04,17577.06,10161.97,1.69,66.4
2021M06,1004.42,129.97,17979.57,9631.5,1.64,71.8
2021M07,1062.99,151.97,18818.51,9450.82,1.63,73.28
2021M08,1141.82,169.58,19141.3,9370.14,1.71,68.87
2021M09,1181.38,185.69,19376.88,9324.71,1.63,72.8
2021M10,1310.25,224.51,19362.39,9829.22,1.73,82.06
2021M11,1340.65,157.48,19932.86,9728.9,1.74,79.92
2021M12,1270.29,169.65,20015.55,9551.18,1.72,72.87
2022M01,1344.79,196.95,22355.4,9782.34,1.78,83.92
2022M02,1522.36,219.78,24015.55,9943.17,1.79,93.54
2022M03,1776.96,314.04,33924.18,10230.89,1.75,112.4
2022M04,1682.74,310.85,33132.74,10161.38,1.7,103.41
2022M05,1716.92,371.86,28062.55,9377.15,1.62,110.1
2022M06,1501.1,374.08,25658.63,9024.46,1.64,116.8
2022M07,1056.64,402.2,21481.89,7544.81,1.56,105.08
2022M08,1025.95,406.97,22057.39,7981.84,1.46,95.97
2022M09,909.32,430.81,22773.97,7746.01,1.32,88.22
2022M10,888.99,389.79,22032.89,7651.08,1.29,90.33
2022M11,945.74,342.16,25562.7,8049.86,1.27,87.38
2022M12,940.39,379.23,28946.81,8375.4,1.35,78.07
2023M01,941.97,317.99,28194.61,9037.95,1.41,80.41
2023M02,949.98,207.48,26727.95,8936.59,1.4,80.25
2023M03,972.06,187.23,23288.61,8856.31,1.36,76.47
2023M04,1005.24,194.28,23894.56,8809.42,1.36,82.46
2023M05,934.06,160.48,21970.39,8217.47,1.35,74.12
2023M06,816.97,139.42,21233.28,8396.52,1.32,73.26
2023M07,878.5,140.63,21091.26,8476.68,1.3,78.98
2023M08,860.82,152.61,20438.65,8349.13,1.29,84.72
2023M09,829.6,162.47,19644.64,8276.71,1.42,92.22
2023M10,804.26,142.12,18281.23,7937.18,1.45,89.08
2023M11,830.47,126.82,17027.36,8189.59,1.48,81.35
2023M12,813.51,141.82,16460.84,8399.94,1.46,75.72
2024M01,844.9,124.9,16103.83,8338.88,1.53,77.67
2024M02,856.93,124.22,16338.46,8304.95,1.56,80.55
2024M03,942.92,131.49,17438.83,8689.13,1.65,83.55
2024M04,935.69,134.97,18163.95,9464.43,1.63,88.01
2024M05,859.15,142.01,19586.98,10139.33,1.69,81.45
2024M06,873.67,135.1,17498.01,9648.17,1.75,81.21
2024M07,896.09,137.55,16334.88,9385.31,1.65,83.26
2024M08,932.63,145.76,16292.12,8971.96,1.74,78.12
2024M09,982.83,139.2,16076.74,9237.48,1.91,72.42
2024M10,1077.25,146.63,16765.8,9533.99,2.01,73.97
2024M11,1168.59,142.12,15723.06,9075.73,1.93,72.29
2024M12,1189.73,129.81,15444.89,8916.32,1.99,72.31
2025M01,1070.31,118.6,15394.14,8991.41,1.93,78.16
2025M02,1067.27,106.93,15288.09,9330.6,2.01,73.82
2025M03,1067.6,103.97,16065.69,9739.68,1.98,70.7
2025M04,994.37,98.61,15113.29,9176.8,1.71,65.91
2025M05,907.58,104.41,15345.79,9532.98,1.7,62.75
2025M06,935.39,109.03,15003.11,9835.07,1.61,69.15
2025M07,976.38,112.9,15034.02,9770.58,1.68,69.19
2025M08,1026.12,112.15,14949.25,9669.56,1.71,66.72
2025M09,1036.74,106.32,15105.64,9983.79,1.74,66.46
2025M10,1038.09,107.5,15092.12,10739.91,1.71,63.04
2025M11,983.4,112.6,14670.77,10812.03,1.71,62.34
2025M12,980.12,107.67,14883.99,11785.25,1.74,60.88
2026M01,1004.66,109.78,17768.5,13012,1.84,63.65
2026M02,1039.47,118.37,17173.1,12951.35,1.93,68.01
2026M03,1108.61,138.6,17076.29,12528.71,1.95,95.58
2026M04,1146.2,130.92,17961.6,12950.96,2.06,103.91
2026M05,1139.94,136.86,18805.77,13543.19,2.21,100.43
